School,FD,AS,Resolved,Disagreement,Class,CamperPlus,FD,AS,Resolved,Disagreement,Class,Fish&Chips,FD,AS,Resolved,Disagreement,Class,Grocery,FD,AS,Resolved,Disagreement,Class,Recycling,FD,AS,Resolved,Disagreement,Class,Supermarket,FD,AS,Resolved,Disagreement,Class,Sports,FD,AS,Resolved,Disagreement,Class,PlanningPoker,FD,AS,Resolved,Disagreement,Class,Ticket,FD,AS,Resolved,Disagreement,Class
Absence,Redundant or derived,Redundant or derived,,,Redundant or derived,Account,Implementation construct,Implementation construct,,,Implementation construct,Account (for the restaurant owner to check balance and track of tips and revenues),Implementation construct,Irrelevant for domain,x,RESOLVED,Implementation construct,Absence,Redundant or derived,Attribute,x,RESOLVED,Attribute,AccessControl,Irrelevant for domain,Vague (too generic),x,RESOLVED,Irrelevant for domain,Account,Implementation construct,Implementation construct,,,Implementation construct,Account,Implementation construct,Implementation construct,,,Implementation construct,Account,Implementation construct,Implementation construct,,,Implementation construct,Account,Attribute,Attribute,,,Attribute
Absence Form,Redundant or derived,Implementation construct,x,RESOLVED,Implementation construct,Activity Ideas,Irrelevant for domain,Irrelevant for domain,,,Irrelevant for domain,Address,Attribute,Attribute,,,Attribute,Absent Employees,Redundant or derived,Irrelevant for domain,x,RESOLVED,Redundant or derived,Account,Implementation construct,Implementation construct,,,Implementation construct,Application Settings,Implementation construct,Implementation construct,,,Implementation construct,Admin,Role,Role,,,Role,AccountDetails,Implementation construct,Implementation construct,,,Implementation construct,Bank Account,Attribute,Attribute,,,Attribute
Absence Record,Redundant or derived,Implementation construct,x,RESOLVED,Implementation construct,Alert,Irrelevant for domain,Irrelevant for domain,,,Irrelevant for domain,Balances per Cashier Account,Irrelevant for domain,Attribute,x,RESOLVED,Attribute,Absent Employees.,Redundant or derived,Irrelevant for domain,x,RESOLVED,Redundant or derived,Activity Fee,Implementation construct,Attribute,x,RESOLVED,Attribute,Barcode,Attribute,Attribute,,,Attribute,Attributes,Irrelevant for domain,Irrelevant for domain,,,Irrelevant for domain,DataAnalyzer,Irrelevant for domain,Irrelevant for domain,,,Irrelevant for domain,Bank Account: This class is needed to store the bank account details of the resellers.,Attribute,Attribute,,,Attribute
Account,Implementation construct,Implementation construct,,,Implementation construct,Availability,Irrelevant for domain,Irrelevant for domain,,,Irrelevant for domain,Cashier Account,Implementation construct,Implementation construct,,,Implementation construct,Account,Implementation construct,Implementation construct,,,Implementation construct,Activity Fees,Implementation construct,Attribute,x,RESOLVED,Attribute,Communication Method,Irrelevant for domain,Irrelevant for domain,,,Irrelevant for domain,Banking Details,Attribute,Attribute,,,Attribute,Database,Implementation construct,Implementation construct,,,Implementation construct,Calendar,Implementation construct,Implementation construct,,,Implementation construct
Account Preferences,Irrelevant for domain,Irrelevant for domain,,,Irrelevant for domain,Behavior Issues,Redundant or derived,Attribute,x,RESOLVED,Attribute,Cashier Accounts,Implementation construct,Implementation construct,,,Implementation construct,Applicant,Role,Role,,,Role,Address,Attribute,Attribute,,,Attribute,Contrast,Irrelevant for domain,Irrelevant for domain,,,Irrelevant for domain,BankingDetails,Attribute,Attribute,,,Attribute,Definition,Implementation construct,Vague (too generic),x,RESOLVED,Vague (too generic),Calendar: This class is needed to represent the calendar view of upcoming events.,Implementation construct,Implementation construct,,,Implementation construct
Administrative Staff,Redundant or derived,Redundant or derived,,,Redundant or derived,Behavior Report,Redundant or derived,Attribute,x,RESOLVED,Attribute,Cashier Balance,Irrelevant for domain,Attribute,x,RESOLVED,Attribute,Application,Role,Role,,,Role,Admin,Role,Role,,,Role,Customer Inquiry,Irrelevant for domain,Vague (too generic),x,RESOLVED,Irrelevant for domain,Check-in,Irrelevant for domain,Implementation construct,x,RESOLVED,Irrelevant for domain,Developer,Irrelevant for domain,Irrelevant for domain,,,Irrelevant for domain,Cart,Implementation construct,Redundant or derived,x,RESOLVED,Redundant or derived
Administrator,Redundant or derived,Redundant or derived,,,Redundant or derived,BehaviorReport,Redundant or derived,Attribute,x,RESOLVED,Attribute,Confirmation of Payment,Attribute,Attribute,,,Attribute,Complaint Category,Attribute,Attribute,,,Attribute,Admin Role,Role,Role,,,Role,Customer Service,Role,Role,,,Role,CheckIn,Irrelevant for domain,Implementation construct,x,RESOLVED,Irrelevant for domain,Draw,Redundant or derived,,x,RESOLVED,Redundant or derived,Company,Role,Role,,,Role
Appearance Date,Attribute,Attribute,,,Attribute,Camp Administrator,Role,Role,,,Role,Contact Information (could encapsulate phone number or delivery address),Irrelevant for domain,Attribute,x,RESOLVED,Irrelevant for domain,Complaint Priority,Attribute,Attribute,,,Attribute,Administrator,Role,Role,,,Role,Customer Support,Irrelevant for domain,Irrelevant for domain,,,Irrelevant for domain,CustomerAccount,Implementation construct,Implementation construct,,,Implementation construct,Email,Attribute,Irrelevant for domain,x,RESOLVED,Attribute,Company (For the platform),Role,Role,,,Role
Assignment,Redundant or derived,Redundant or derived,,,Redundant or derived,Camp Counselor,Redundant or derived,Redundant or derived,,,Redundant or derived,Current Order,Redundant or derived,Attribute,x,RESOLVED,Redundant or derived,Complaint System,Implementation construct,Implementation construct,,,Implementation construct,Administrators,Role,Role,,,Role,Default Store,Redundant or derived,Redundant or derived,,,Redundant or derived,CustomerNotification,Implementation construct,Redundant or derived,x,RESOLVED,Implementation construct,File,Implementation construct,Implementation construct,,,Implementation construct,Company: This class is needed to represent the company that wants to maintain the platform and set rules for reselling tickets.,Role,Role,,,Role
Attachment,Irrelevant for domain,Irrelevant for domain,,,Irrelevant for domain,Camp Facilities,,,,,,Customer Address,Attribute,Attribute,,,Attribute,ComplaintSystem,Implementation construct,Implementation construct,,,Implementation construct,AnalyticsService,Irrelevant for domain,Irrelevant for domain,,,Irrelevant for domain,Delivery Date,Attribute,Attribute,,,Attribute,EmailNotification,Implementation construct,Implementation construct,,,Implementation construct,Game Transcript,Implementation construct,Redundant or derived,x,RESOLVED,Redundant or derived,Company: This class is relevant as it is mentioned in the user storiesIt will contain attributes like service fee and minimum reselling price.,Role,Role,,,Role
Attachment (for files),Irrelevant for domain,Irrelevant for domain,,,Irrelevant for domain,Camp Information,Vague (too generic),Attribute,x,RESOLVED,Attribute,Customer Name,Attribute,Attribute,,,Attribute,Country,Irrelevant for domain,Irrelevant for domain,,,Irrelevant for domain,API,Implementation construct,Implementation construct,,,Implementation construct,Delivery Date and Time,Attribute,Attribute,,,Attribute,Family Membership,Redundant or derived,Redundant or derived,,,Redundant or derived,GameArchive,Irrelevant for domain,Irrelevant for domain,,,Irrelevant for domain,Digital Ticket,Redundant or derived,Redundant or derived,,,Redundant or derived
Attendance,Redundant or derived,Redundant or derived,,,Redundant or derived,Camper Behavior,Redundant or derived,Attribute,x,RESOLVED,Attribute,Customer Phone Number,Attribute,Attribute,,,Attribute,Data Security,Irrelevant for domain,Vague (too generic),x,RESOLVED,Irrelevant for domain,Authentication,Irrelevant for domain,Irrelevant for domain,,,Irrelevant for domain,Delivery Management,Irrelevant for domain,Vague (too generic),x,RESOLVED,Irrelevant for domain,FamilyMembership,Redundant or derived,Redundant or derived,,,Redundant or derived,GameCollection,Irrelevant for domain,Irrelevant for domain,,,Irrelevant for domain,Digital Tickets,Redundant or derived,Redundant or derived,,,Redundant or derived
Attendance Record,Redundant or derived,Implementation construct,x,RESOLVED,Implementation construct,Camper Record,Implementation construct,Implementation construct,,,Implementation construct,Customer's Name,Attribute,Attribute,,,Attribute,DataEncryption,Irrelevant for domain,Implementation construct,x,RESOLVED,Irrelevant for domain,Bill Statement,Irrelevant for domain,Redundant or derived,x,RESOLVED,Redundant or derived,Delivery Service,Irrelevant for domain,Irrelevant for domain,,,Irrelevant for domain,Fine,Irrelevant for domain,Irrelevant for domain,,,Irrelevant for domain,Language,Irrelevant for domain,Implementation construct,x,RESOLVED,Implementation construct,DigitalTicket,Redundant or derived,Redundant or derived,,,Redundant or derived
AttendanceRecord,Redundant or derived,Implementation construct,x,RESOLVED,Implementation construct,Camper Records,Implementation construct,Implementation construct,,,Implementation construct,CustomerName,Attribute,Attribute,,,Attribute,EmailSystem,Implementation construct,Implementation construct,,,Implementation construct,bill_statement,Irrelevant for domain,Redundant or derived,x,RESOLVED,Redundant or derived,Delivery Time Slot,Attribute,Attribute,,,Attribute,Free Practice Area,Redundant or derived,Redundant or derived,,,Redundant or derived,Localization,Irrelevant for domain,Irrelevant for domain,,,Irrelevant for domain,Event page,Implementation construct,Implementation construct,,,Implementation construct
Average grade,Redundant or derived,Redundant or derived,,,Redundant or derived,CamperEnrollment,Redundant or derived,Attribute,x,RESOLVED,Redundant or derived,Daily Revenue,Redundant or derived,Redundant or derived,,,Redundant or derived,Employee Contact,Irrelevant for domain,Attribute,x,RESOLVED,Irrelevant for domain,Bootstrap,Implementation construct,Implementation construct,,,Implementation construct,Dietary Restrictions,Attribute,Attribute,,,Attribute,FreePracticeArea,Redundant or derived,Redundant or derived,,,Redundant or derived,Metrics,Vague (too generic),Vague (too generic),,,Vague (too generic),EventPage,Implementation construct,Implementation construct,,,Implementation construct
Behavior Mark,Redundant or derived,Redundant or derived,,,Redundant or derived,Communications,Irrelevant for domain,Vague (too generic),x,RESOLVED,Irrelevant for domain,Delivery,Redundant or derived,Redundant or derived,,,Redundant or derived,Employee Evaluation,Redundant or derived,Redundant or derived,,,Redundant or derived,Communication,Irrelevant for domain,Irrelevant for domain,,,Irrelevant for domain,DietaryRestriction,Attribute,Attribute,,,Attribute,Lesson Cancellation Notification,Implementation construct,Implementation construct,,,Implementation construct,Moderator,Role,Role,,,Role,Favorite,Attribute,Redundant or derived,x,RESOLVED,Redundant or derived
Broadcast Message,Redundant or derived,Implementation construct,x,RESOLVED,Implementation construct,Completion Report,Implementation construct,Attribute,x,RESOLVED,Implementation construct,Delivery Address,Attribute,Attribute,,,Attribute,Employee Presence,Redundant or derived,Attribute,x,RESOLVED,Attribute,Communication Channel,Irrelevant for domain,Irrelevant for domain,,,Irrelevant for domain,Digital Payment,Irrelevant for domain,Irrelevant for domain,,,Irrelevant for domain,Lesson Description,Attribute,Attribute,,,Attribute,Participant,Role,Role,,,Role,Favorites,Attribute,Redundant or derived,x,RESOLVED,Redundant or derived
Broadcast messages,Redundant or derived,Implementation construct,x,RESOLVED,Implementation construct,Consent Form,Redundant or derived,Redundant or derived,,,Redundant or derived,Delivery Location,Attribute,Attribute,,,Attribute,Employee Status,Attribute,Attribute,x,,Attribute,CommunicationChannel,Irrelevant for domain,Irrelevant for domain,,,Irrelevant for domain,Discount Management,Irrelevant for domain,Irrelevant for domain,,,Irrelevant for domain,Lesson Schedule,,Redundant or derived,x,RESOLVED,,Password,Attribute,Attribute,,,Attribute,FraudPrevention,Irrelevant for domain,Implementation construct,x,RESOLVED,Irrelevant for domain
Classroom,Redundant or derived,Irrelevant for domain,x,RESOLVED,Irrelevant for domain,ConsentForm,Redundant or derived,Redundant or derived,,,Redundant or derived,DeliveryAddress,Attribute,Attribute,,,Attribute,EncryptedData,Implementation construct,Implementation construct,,,Implementation construct,CommunicationService,Irrelevant for domain,Irrelevant for domain,,,Irrelevant for domain,Discounts,Attribute,Attribute,,,Attribute,LessonCancellation,Irrelevant for domain,Implementation construct,x,RESOLVED,Redundant or derived,PasswordReminder,Implementation construct,Implementation construct,,,Implementation construct,FraudPrevention.,Irrelevant for domain,Implementation construct,x,RESOLVED,Irrelevant for domain
Confirmation,Implementation construct,Implementation construct,,,Implementation construct,Database,Implementation construct,Implementation construct,,,Implementation construct,Digital Ticket,Redundant or derived,Redundant or derived,,,Redundant or derived,Encryption,Irrelevant for domain,Implementation construct,x,RESOLVED,Irrelevant for domain,Company,Role,Role,,,Role,Employee,Role,Role,,,Role,LessonTimeslot,Redundant or derived,Attribute,x,RESOLVED,Redundant or derived,Photo,Implementation construct,Implementation construct,,,Implementation construct,Guest,Role,Role,,,Role
Contact Information,Attribute,Attribute,,,Attribute,Emergencies,Vague (too generic),Vague (too generic),,,Vague (too generic),Employee,Role,Role,,,Role,Financial Statement,Redundant or derived,Redundant or derived,,,Redundant or derived,Company Accountant,Role,Role,,,Role,Express Delivery,Redundant or derived,Attribute,x,RESOLVED,Redundant or derived,LessonType,Attribute,Attribute,,,Attribute,Potential additional classes based on user stories:,,Irrelevant for domain,x,RESOLVED,,Guest User,Role,Role,,,Role
ContactInformation,Attribute,Attribute,,,Attribute,Emergency Contacts,Irrelevant for domain,Attribute,x,RESOLVED,Attribute,"Employee (with types as Kitchen Employee, Cashier, Ticket Master)",Role,Role,,,Role,Hiring Process,Vague (too generic),Irrelevant for domain,x,RESOLVED,Vague (too generic),Company Data,Vague (too generic),Vague (too generic),,,Vague (too generic),Express Delivery Service,Redundant or derived,Attribute,x,RESOLVED,Redundant or derived,Login,Implementation construct,Implementation construct,,,Implementation construct,ResearchData,Irrelevant for domain,Irrelevant for domain,,,Irrelevant for domain,Guest: This class is relevant as it is mentioned in the user storiesIt will contain attributes like name and email.,Role,Role,,,Role
Content,Irrelevant for domain,Irrelevant for domain,,,Irrelevant for domain,Emergency Information,Attribute,Attribute,,,Attribute,Finished Order,Redundant or derived,Attribute,x,RESOLVED,Redundant or derived,HR,Irrelevant for domain,Irrelevant for domain,,,Irrelevant for domain,Dashboard,Implementation construct,Implementation construct,,,Implementation construct,Font,Implementation construct,Irrelevant for domain,x,RESOLVED,Implementation construct,NoShowFine,Irrelevant for domain,Irrelevant for domain,,,Irrelevant for domain,Researcher,Role,Role,,,Role,Map,Implementation construct,Implementation construct,,,Implementation construct
Dashboard,Implementation construct,Implementation construct,,,Implementation construct,EmergencyInformation,Attribute,Attribute,,,Attribute,Home Delivery,Redundant or derived,Attribute,x,RESOLVED,Attribute,Inbox,Implementation construct,Implementation construct,,,Implementation construct,DashboardService,Implementation construct,Irrelevant for domain,x,RESOLVED,Implementation construct,Font Size,Implementation construct,Irrelevant for domain,x,RESOLVED,Implementation construct,Notification,Implementation construct,Implementation construct,,,Implementation construct,ResearchSummary,Irrelevant for domain,Irrelevant for domain,,,Irrelevant for domain,Music Platforms,Implementation construct,Implementation construct,,,Implementation construct
Data,Vague (too generic),Vague (too generic),,,Vague (too generic),Event,Redundant or derived,Redundant or derived,,,Redundant or derived,Incoming Order,Redundant or derived,Redundant or derived,,,Redundant or derived,Login Information,Implementation construct,Implementation construct,,,Implementation construct,Data,Vague (too generic),Vague (too generic),,,Vague (too generic),FontSize,Implementation construct,Irrelevant for domain,x,RESOLVED,Implementation construct,Notification Preferences,Implementation construct,Implementation construct,,,Implementation construct,Results,Vague (too generic),Redundant or derived,x,RESOLVED,Redundant or derived,MusicPlatform,Implementation construct,Implementation construct,,,Implementation construct
DLMPage,Implementation construct,Implementation construct,,,Implementation construct,Events,Redundant or derived,Redundant or derived,,,Redundant or derived,Inventory,Irrelevant for domain,Redundant or derived,x,RESOLVED,Redundant or derived,Manager,Role,Role,,,Role,Data Encryption,Irrelevant for domain,Implementation construct,x,RESOLVED,Irrelevant for domain,Ingredient,Irrelevant for domain,Redundant or derived,x,RESOLVED,Irrelevant for domain,Notification.,Implementation construct,Implementation construct,,,Implementation construct,Sequence,Irrelevant for domain,Irrelevant for domain,,,Irrelevant for domain,Order Summary,Redundant or derived,Redundant or derived,,,Redundant or derived
Due Date,Attribute,Attribute,,,Attribute,Guardian Information,Vague (too generic),Attribute,x,RESOLVED,Attribute,Kitchen Employee,Role,Role,,,Role,Notification,Implementation construct,Implementation construct,,,Implementation construct,Database,Implementation construct,Implementation construct,,,Implementation construct,InStorePurchase,Irrelevant for domain,Irrelevant for domain,,,Irrelevant for domain,Personal Details,Vague (too generic),Attribute,x,RESOLVED,Attribute,simple,Irrelevant for domain,Irrelevant for domain,,,Irrelevant for domain,Password,Implementation construct,Attribute,x,RESOLVED,Attribute
File,Implementation construct,Implementation construct,,,Implementation construct,Information,Vague (too generic),Vague (too generic),,,Vague (too generic),KitchenEmployee,Role,Role,,,Role,NotificationSystem,Implementation construct,Implementation construct,,,Implementation construct,Developer,Role,Role,,,Role,Language,Implementation construct,Irrelevant for domain,x,RESOLVED,Implementation construct,Personal Information,Vague (too generic),Attribute,x,RESOLVED,Attribute,Spreadsheet,Implementation construct,Implementation construct,,,Implementation construct,Payment Details: This class is needed to store the user's payment information.,,Attribute,x,RESOLVED,
Files,Implementation construct,Implementation construct,,,Implementation construct,MaintenanceTask,Irrelevant for domain,Irrelevant for domain,,,Irrelevant for domain,Name,Attribute,Attribute,,,Attribute,Outsourced Payment Handler,Irrelevant for domain,Implementation construct,x,RESOLVED,Irrelevant for domain,Developer Role,Role,Role,,,Role,Notification,Implementation construct,Implementation construct,,,Implementation construct,Personal Training Session,Redundant or derived,Redundant or derived,,,Redundant or derived,SpreadsheetImporter,Implementation construct,Implementation construct,,,Implementation construct,Payment Method,Redundant or derived,Attribute,x,RESOLVED,Attribute
Filter,Implementation construct,Implementation construct,,,Implementation construct,Medical Form,Redundant or derived,Redundant or derived,,,Redundant or derived,Navigation,Implementation construct,Irrelevant for domain,x,RESOLVED,Implementation construct,Password,Implementation construct,Attribute,x,RESOLVED,Attribute,DeviceAccess,Irrelevant for domain,Implementation construct,x,RESOLVED,Irrelevant for domain,Notifications,Implementation construct,Implementation construct,,,Implementation construct,Personal Training Sessions,Redundant or derived,Redundant or derived,,,Redundant or derived,Team,Redundant or derived,Redundant or derived,,,Redundant or derived,Payment Methods,Redundant or derived,Attribute,x,RESOLVED,Attribute
Homework,Redundant or derived,Redundant or derived,,,Redundant or derived,Medical Forms,Redundant or derived,Redundant or derived,,,Redundant or derived,Navigation System,Implementation construct,Irrelevant for domain,x,RESOLVED,Implementation construct,Payment Handler,Irrelevant for domain,Implementation construct,x,RESOLVED,Implementation construct,Documentation,Implementation construct,Implementation construct,,,Implementation construct,Online Purchase,Irrelevant for domain,Vague (too generic),x,RESOLVED,Irrelevant for domain,PersonalDetails,Vague (too generic),Redundant or derived,x,RESOLVED,Redundant or derived,ThumbnailPhoto,Attribute,Attribute,,,Attribute,"Payment Methods: This class is relevant as it is mentioned in the user storiesIt will contain attributes like type (credit card, debit card, PayPal, etc.) and details.",Redundant or derived,Attribute,x,RESOLVED,Attribute
Learning Management System,Redundant or derived,Redundant or derived,,,Redundant or derived,MedicalForm,Redundant or derived,Redundant or derived,,,Redundant or derived,Notification,Implementation construct,Implementation construct,,,Implementation construct,Payment Option,Attribute,Attribute,,,Attribute,Donation Center,Redundant or derived,Redundant or derived,,,Redundant or derived,Order History,Redundant or derived,Redundant or derived,,,Redundant or derived,PersonalInformation,Attribute,Attribute,,,Attribute,Timer,Implementation construct,Implementation construct,,,Implementation construct,PaymentMethod,Redundant or derived,Attribute,x,RESOLVED,Attribute
Learning Management System (LMS),Redundant or derived,Redundant or derived,,,Redundant or derived,Nametag,Attribute,Attribute,,,Attribute,Notification: This deals with notifications that a kitchen employee would receive whenever there's a new order or if a customer makes changes to an already placed order.,Implementation construct,Implementation construct,,,Implementation construct,Payment Regulation,Irrelevant for domain,Irrelevant for domain,,,Irrelevant for domain,Donation Centers,Redundant or derived,Redundant or derived,,,Redundant or derived,Order States,Attribute,Attribute,,,Attribute,PersonalTrainingSession,Redundant or derived,Redundant or derived,,,Redundant or derived,Timezone,Attribute,Irrelevant for domain,x,RESOLVED,Attribute,Personal Information,Vague (too generic),Attribute,x,RESOLVED,Attribute
LearningManagementSystem,Redundant or derived,Redundant or derived,,,Redundant or derived,Nametags,Attribute,Attribute,,,Attribute,Notifications,Implementation construct,Implementation construct,,,Implementation construct,Payment Schedule,Attribute,Attribute,,,Attribute,Donation Facility,Redundant or derived,Redundant or derived,,,Redundant or derived,Order Tracking,Irrelevant for domain,Attribute,x,RESOLVED,Irrelevant for domain,PracticeArea,Redundant or derived,Redundant or derived,,,Redundant or derived,Transcript,Redundant or derived,Redundant or derived,,,Redundant or derived,"Personal Information: This class is needed to store the personal details of the user such as name, date of birth, email, and address.",Vague (too generic),Attribute,x,RESOLVED,Attribute
Multiple-choice question,Redundant or derived,Redundant or derived,,,Redundant or derived,Notification,Implementation construct,Implementation construct,,,Implementation construct,Notifications for new orders or changes,Implementation construct,Implementation construct,,,Implementation construct,Payment System,Implementation construct,Implementation construct,,,Implementation construct,Electronic Devices,Irrelevant for domain,Implementation construct,x,RESOLVED,Implementation construct,OrderHistory,Redundant or derived,Redundant or derived,,,Redundant or derived,Preference,Vague (too generic),Implementation construct,x,RESOLVED,Irrelevant for domain,Transcript.,Redundant or derived,Redundant or derived,,,Redundant or derived,"Personal Information: This class is needed to store the user's personal information such as name, date of birth, email, address, and preferences.",Vague (too generic),Attribute,x,RESOLVED,Attribute
MultipleChoiceQuestion,Redundant or derived,Redundant or derived,,,Redundant or derived,Parent/Guardian,Redundant or derived,Redundant or derived,,,Redundant or derived,Order Detail,Attribute,Attribute,,,Attribute,PaymentHandler,Irrelevant for domain,Implementation construct,x,RESOLVED,Implementation construct,Email,Attribute,Attribute,,,Attribute,Password,Attribute,Attribute,,,Attribute,PrivateTrainingSchedule,Irrelevant for domain,Redundant or derived,x,RESOLVED,,UI,Implementation construct,Irrelevant for domain,x,RESOLVED,Irrelevant for domain,PersonalInformation,Vague (too generic),Attribute,x,RESOLVED,Attribute
Notification,Implementation construct,Implementation construct,,,Implementation construct,Parent/Guardian Information,Redundant or derived,Redundant or derived,,,Redundant or derived,Order Details,Attribute,Attribute,,,Attribute,PaymentMethod,Attribute,Attribute,,,Attribute,Email Account,Attribute,Attribute,,,Attribute,Payment,Irrelevant for domain,Irrelevant for domain,,,Irrelevant for domain,PushNotification,Implementation construct,Implementation construct,,,Implementation construct,URL,Attribute,Attribute,,,Attribute,PopularEvents,Redundant or derived,Redundant or derived,,,Redundant or derived
Notification System,Implementation construct,Implementation construct,,,Implementation construct,Records,Implementation construct,Implementation construct,,,Implementation construct,Order Number,Attribute,Attribute,,,Attribute,PaymentSystem,Implementation construct,Implementation construct,,,Implementation construct,Email Account Linking,Attribute,Attribute,,,Attribute,PersonalDiscount,,Redundant or derived,x,RESOLVED,,Role,Irrelevant for domain,Irrelevant for domain,,,Irrelevant for domain,User,Role,Role,,,Role,Preference,Attribute,Attribute,,,Attribute
Page,Implementation construct,Implementation construct,,,Implementation construct,Registration Form,Redundant or derived,Redundant or derived,,,Redundant or derived,Order Status,Attribute,Attribute,,,Attribute,Personal Information,Attribute,Attribute,,,Attribute,Email ID,Attribute,Attribute,,,Attribute,Preferences,Irrelevant for domain,Attribute,x,RESOLVED,Irrelevant for domain,RoomCapacity,Attribute,Attribute,,,Attribute,User Account,Implementation construct,Implementation construct,,,Implementation construct,Preferences,Attribute,Attribute,,,Attribute
Password,Attribute,Attribute,,,Attribute,RegistrationForm,Redundant or derived,Redundant or derived,,,Redundant or derived,Order Type,Attribute,Attribute,,,Attribute,Role,Irrelevant for domain,Irrelevant for domain,,,Irrelevant for domain,Employee Information,Vague (too generic),Attribute,x,RESOLVED,Attribute,Previous Order,Redundant or derived,Redundant or derived,,,Redundant or derived,Session Reminder Notification,Implementation construct,Implementation construct,,,Implementation construct,WebController,Irrelevant for domain,Irrelevant for domain,,,Irrelevant for domain,Preferences: This class is needed to store the user's preferences in music genre and event types.,Attribute,Attribute,,,Attribute
PasswordReset,Irrelevant for domain,Implementation construct,x,RESOLVED,Implementation construct,Reminder,Implementation construct,Implementation construct,,,Implementation construct,Order Types,Attribute,Attribute,,,Attribute,Salary Statement,Redundant or derived,,x,RESOLVED,,Encrypted Data,Irrelevant for domain,Implementation construct,x,RESOLVED,Implementation construct,Product Information,Attribute,Attribute,,,Attribute,Timeslot,Attribute,Redundant or derived,x,RESOLVED,Redundant or derived,,,,,,,Profile,Implementation construct,Implementation construct,,,Implementation construct
Performance,Redundant or derived,Redundant or derived,,,Redundant or derived,Reminders,Implementation construct,Implementation construct,,,Implementation construct,OrderCategory,Attribute,Attribute,,,Attribute,Security,Vague (too generic),Implementation construct,x,RESOLVED,Irrelevant for domain,EncryptedData,Irrelevant for domain,Implementation construct,x,RESOLVED,Implementation construct,Product Suggestions,Irrelevant for domain,Redundant or derived,x,RESOLVED,Redundant or derived,TrainerSchedule,Redundant or derived,Redundant or derived,,,Redundant or derived,,,,,,,ResellingManager,Irrelevant for domain,Role,x,RESOLVED,Irrelevant for domain
Performance Data,Redundant or derived,Redundant or derived,,,Redundant or derived,Repair,Attribute,Attribute,,,Attribute,"Ordering Process (could encapsulate stages like incoming orders, current orders, finished orders)",Irrelevant for domain,Implementation construct,x,RESOLVED,Vague (too generic),Shift,Redundant or derived,Redundant or derived,,,Redundant or derived,EncryptionService,Irrelevant for domain,Implementation construct,x,RESOLVED,Irrelevant for domain,ProductInformation,Attribute,Attribute,,,Attribute,Training,Irrelevant for domain,Redundant or derived,x,RESOLVED,Redundant or derived,,,,,,,Search,Implementation construct,Implementation construct,,,Implementation construct
Personal Data,Attribute,Attribute,,,Attribute,RepairReport,Implementation construct,Attribute,x,RESOLVED,Attribute,OrderList,Irrelevant for domain,Redundant or derived,x,RESOLVED,Redundant or derived,Ticket,Irrelevant for domain,Attribute,x,RESOLVED,Redundant or derived,Environment-friendly Facility,Redundant or derived,Attribute,x,RESOLVED,Redundant or derived,ProductList,Irrelevant for domain,Redundant or derived,x,RESOLVED,Irrelevant for domain,User,Role,Irrelevant for domain,x,RESOLVED,Role,,,,,,,Search Engine,Implementation construct,Implementation construct,,,Implementation construct
Personal Detail,Vague (too generic),Attribute,x,RESOLVED,Attribute,Repairs,Attribute,Attribute,,,Attribute,OrderManager,Irrelevant for domain,Irrelevant for domain,,,Irrelevant for domain,User,Irrelevant for domain,Irrelevant for domain,,,Irrelevant for domain,Error Log,Implementation construct,Implementation construct,,,Implementation construct,ProductSuggestion,Irrelevant for domain,Redundant or derived,x,RESOLVED,Redundant or derived,User Account,Implementation construct,Implementation construct,,,Implementation construct,,,,,,,Search Engine: This class is needed to represent the search functionality that allows users to find events.,Implementation construct,Implementation construct,,,Implementation construct
Personal Details,Vague (too generic),Attribute,x,RESOLVED,Attribute,Report,Implementation construct,Vague (too generic),x,RESOLVED,Vague (too generic),OrderStatus,Attribute,Attribute,,,Attribute,Work Hours Verification,Irrelevant for domain,Implementation construct,x,RESOLVED,Irrelevant for domain,Error Logs,Implementation construct,Implementation construct,,,Implementation construct,ProductSuggestions,Irrelevant for domain,Redundant or derived,x,RESOLVED,Redundant or derived,,,,,,,,,,,,,Search Results,Implementation construct,Implementation construct,,,Implementation construct
Picture,Implementation construct,Attribute,x,RESOLVED,Redundant or derived,Reports,Implementation construct,Vague (too generic),x,RESOLVED,Vague (too generic),OrderType,Attribute,Attribute,,,Attribute,Work Schedule,Redundant or derived,Redundant or derived,,,Redundant or derived,Events,Redundant or derived,,x,RESOLVED,Redundant or derived,Promotions,Irrelevant for domain,Irrelevant for domain,,,Irrelevant for domain,,,,,,,,,,,,,SearchEngine,Implementation construct,Implementation construct,,,Implementation construct
Picture Material,Implementation construct,Attribute,x,RESOLVED,Redundant or derived,Staff Member,Redundant or derived,Redundant or derived,,,Redundant or derived,Payment Method,Redundant or derived,Attribute,x,RESOLVED,Attribute,Work Shift,Redundant or derived,Redundant or derived,,,Redundant or derived,Executive,Role,Role,,,Role,Push Notification,Implementation construct,Implementation construct,,,Implementation construct,,,,,,,,,,,,,"SearchEngine,",Implementation construct,Implementation construct,,,Implementation construct
Pictures,Implementation construct,Attribute,x,RESOLVED,Redundant or derived,StaffFeedback,Redundant or derived,Irrelevant for domain,x,RESOLVED,Redundant or derived,Payment Methods,Redundant or derived,Attribute,x,RESOLVED,Attribute,Work Verification,Irrelevant for domain,Implementation construct,x,RESOLVED,Irrelevant for domain,Facility Communication,Irrelevant for domain,Redundant or derived,x,RESOLVED,Irrelevant for domain,Push Notifications,Implementation construct,Implementation construct,,,Implementation construct,,,,,,,,,,,,,SearchResult,Implementation construct,Implementation construct,,,Implementation construct
Preference,Irrelevant for domain,Implementation construct,x,RESOLVED,Implementation construct,Task,Redundant or derived,Redundant or derived,,,Redundant or derived,Phone Number,Attribute,Attribute,,,Attribute,Working Hours,Redundant or derived,,x,RESOLVED,,Facility Hours,Attribute,Attribute,,,Attribute,PushNotification,Implementation construct,Implementation construct,,,Implementation construct,,,,,,,,,,,,,SearchResults,Implementation construct,Implementation construct,,,Implementation construct
Preferences,Irrelevant for domain,Implementation construct,x,RESOLVED,Implementation construct,TaskReport,Attribute,Redundant or derived,x,RESOLVED,Attribute,PhoneNumber,Attribute,Attribute,,,Attribute,#NAME?,Irrelevant for domain,Irrelevant for domain,,,Irrelevant for domain,Favorite,Attribute,Attribute,,,Attribute,Quantity,Attribute,Attribute,,,Attribute,,,,,,,,,,,,,Seat,Attribute,Attribute,,,Attribute
Progress,Redundant or derived,Redundant or derived,,,Redundant or derived,Tasks.,Redundant or derived,Redundant or derived,,,Redundant or derived,Physical Ticket,Redundant or derived,Redundant or derived,,,Redundant or derived,,,,,,,Favorites,Attribute,Attribute,,,Attribute,Recipe Ideas,,Redundant or derived,x,RESOLVED,Redundant or derived,,,,,,,,,,,,,Seat (Optional),Attribute,Attribute,,,Attribute
Role,Implementation construct,Implementation construct,,,Implementation construct,Tasks/Reminders,Redundant or derived,Redundant or derived,,,Redundant or derived,Pickup Time,Attribute,Attribute,,,Attribute,,,,,,,GoogleMaps,Implementation construct,Implementation construct,,,Implementation construct,Recipe Ingredients,,Redundant or derived,x,RESOLVED,Irrelevant for domain,,,,,,,,,,,,,Seat: This class is needed to represent the available seats at the event.,Attribute,Attribute,,,Attribute
Schedule,Redundant or derived,Redundant or derived,,,Redundant or derived,User,Implementation construct,Irrelevant for domain,x,RESOLVED,Irrelevant for domain,PickupTime,Attribute,Attribute,,,Attribute,,,,,,,GoogleMapsIntegration,Implementation construct,Implementation construct,,,Implementation construct,RecipeIdea,,Redundant or derived,x,RESOLVED,Redundant or derived,,,,,,,,,,,,,SeatMap,Implementation construct,Attribute,x,RESOLVED,Attribute
Schedules,Redundant or derived,Redundant or derived,,,Redundant or derived,,,,,,,Price Per Order,Attribute,Attribute,,,Attribute,,,,,,,HoursOfOperation,Attribute,Attribute,,,Attribute,Sale,Attribute,Attribute,,,Attribute,,,,,,,,,,,,,Service Fee: This class is needed to represent the fee that the company charges for the reselling service.,Attribute,Attribute,,,Attribute
Statistics,Implementation construct,Redundant or derived,x,RESOLVED,Redundant or derived,,,,,,,Prices per Order,Attribute,Attribute,,,Attribute,,,,,,,HR Department,Irrelevant for domain,Role,x,RESOLVED,Role,Search,Implementation construct,Irrelevant for domain,x,RESOLVED,Irrelevant for domain,,,,,,,,,,,,,ServiceFee,Attribute,Attribute,,,Attribute
Student Group,Redundant or derived,Redundant or derived,,,Redundant or derived,,,,,,,Pricing,Irrelevant for domain,Irrelevant for domain,,,Irrelevant for domain,,,,,,,iOS Application,Implementation construct,Implementation construct,,,Implementation construct,Selected Store,Attribute,Attribute,,,Attribute,,,,,,,,,,,,,Shopping Cart,Implementation construct,Implementation construct,,,Implementation construct
Submission Element,Implementation construct,Redundant or derived,x,RESOLVED,Redundant or derived,,,,,,,Printed Ticket,Redundant or derived,Redundant or derived,,,Redundant or derived,,,,,,,IP Address,Implementation construct,Implementation construct,,,Implementation construct,Setting,Implementation construct,Implementation construct,,,Implementation construct,,,,,,,,,,,,,"Shopping Cart: This class is relevant as it is mentioned in the user storiesIt will contain attributes like user, tickets, and total price.",Implementation construct,Implementation construct,,,Implementation construct
Text,Implementation construct,Attribute,x,RESOLVED,Redundant or derived,,,,,,,ProductCategory,Irrelevant for domain,Attribute,x,RESOLVED,Irrelevant for domain,,,,,,,IPBlockService,Implementation construct,Implementation construct,,,Implementation construct,Settings,Implementation construct,Implementation construct,,,Implementation construct,,,,,,,,,,,,,ShoppingCart,Implementation construct,Implementation construct,,,Implementation construct
Text and Pictures,Implementation construct,Attribute,x,RESOLVED,Redundant or derived,,,,,,,Relevant Order Details.,Vague (too generic),Attribute,x,RESOLVED,Vague (too generic),,,,,,,Issue,Vague (too generic),Redundant or derived,x,RESOLVED,Redundant or derived,Shopping List,,Redundant or derived,x,RESOLVED,,,,,,,,,,,,,,Social Media,Implementation construct,Implementation construct,,,Implementation construct
Text Material,Implementation construct,Attribute,x,RESOLVED,Redundant or derived,,,,,,,Restaurant,Redundant or derived,Redundant or derived,,,Redundant or derived,,,,,,,Issues or Concerns,Vague (too generic),Redundant or derived,x,RESOLVED,Redundant or derived,ShoppingList,,Redundant or derived,x,RESOLVED,,,,,,,,,,,,,,Social Media: This class is needed to represent the social media links of the artists.,Implementation construct,Implementation construct,,,Implementation construct
TextPicture,Irrelevant for domain,Attribute,x,RESOLVED,Redundant or derived,,,,,,,Restaurant Owner,Role,Role,,,Role,,,,,,,Location,Attribute,Attribute,,,Attribute,Sorting,Irrelevant for domain,Implementation construct,x,RESOLVED,Irrelevant for domain,,,,,,,,,,,,,SocialMedia,Implementation construct,Implementation construct,,,Implementation construct
TimetableEvent,Irrelevant for domain,Redundant or derived,x,RESOLVED,Irrelevant for domain,,,,,,,RestaurantOwner,Role,Role,,,Role,,,,,,,Locations,Attribute,Attribute,,,Attribute,StaffMember,Irrelevant for domain,Irrelevant for domain,,,Irrelevant for domain,,,,,,,,,,,,,Survey,Implementation construct,Implementation construct,,,Implementation construct
User,Role,Role,,,Role,,,,,,,Revenue,Redundant or derived,Redundant or derived,,,Redundant or derived,,,,,,,Map,Implementation construct,Implementation construct,,,Implementation construct,Stock,Attribute,Attribute,,,Attribute,,,,,,,,,,,,,Survey: This class is needed to represent the survey that users fill out about their preferences in music genre and event types.,Implementation construct,Implementation construct,,,Implementation construct
User Information,Vague (too generic),Implementation construct,x,RESOLVED,Implementation construct,,,,,,,Scheduled Order,Redundant or derived,Attribute,x,RESOLVED,Redundant or derived,,,,,,,Map Display,Implementation construct,Implementation construct,,,Implementation construct,StockManagement,Irrelevant for domain,Vague (too generic),x,RESOLVED,Irrelevant for domain,,,,,,,,,,,,,"Survey: This class is relevant as it is mentioned in the user storiesIt will contain attributes like user, preferences, and genre.",Implementation construct,Implementation construct,,,Implementation construct
Video,Implementation construct,Redundant or derived,x,RESOLVED,Redundant or derived,,,,,,,Search,Irrelevant for domain,Implementation construct,x,RESOLVED,Irrelevant for domain,,,,,,,MapDisplay,Implementation construct,Implementation construct,,,Implementation construct,Store Location,Attribute,Attribute,,,Attribute,,,,,,,,,,,,,Ticket History,Redundant or derived,Redundant or derived,,,Redundant or derived
Video Material,Implementation construct,Redundant or derived,x,RESOLVED,Redundant or derived,,,,,,,Sold Products,Redundant or derived,Redundant or derived,,,Redundant or derived,,,,,,,Material,Redundant or derived,Attribute,x,RESOLVED,Redundant or derived,Store Selection,Irrelevant for domain,Redundant or derived,x,RESOLVED,Redundant or derived,,,,,,,,,,,,,TicketType,Attribute,Attribute,,,Attribute
Viewpoint,Implementation construct,Implementation construct,,,Implementation construct,,,,,,,Status,Attribute,Attribute,,,Attribute,,,,,,,Material Type,Redundant or derived,Attribute,x,RESOLVED,Redundant or derived,Subscription,Vague (too generic),Vague (too generic),,,Vague (too generic),,,,,,,,,,,,,TicketValidation,Irrelevant for domain,Attribute,x,RESOLVED,Irrelevant for domain
Visual Dashboard,Implementation construct,Implementation construct,,,Implementation construct,,,,,,,"Tax Information: Given that the restaurant owner wants to keep track of the VAT for each order, there needs to be a tax information class.",Irrelevant for domain,Attribute,x,RESOLVED,Attribute,,,,,,,Neighborhood,Irrelevant for domain,Redundant or derived,x,RESOLVED,Redundant or derived,Subscription-based Delivery,Irrelevant for domain,Irrelevant for domain,,,Irrelevant for domain,,,,,,,,,,,,,TransactionHistory,Redundant or derived,Redundant or derived,,,Redundant or derived
,,,,,,,,,,,,Ticket,Redundant or derived,Redundant or derived,,,Redundant or derived,,,,,,,Notification,Implementation construct,Implementation construct,,,Implementation construct,Subscription-based Delivery Service,Irrelevant for domain,Irrelevant for domain,,,Irrelevant for domain,,,,,,,,,,,,,Visitor,Role,Role,,,Role
,,,,,,,,,,,,"Ticket (attributes could include order price, special requests, order type, pick-up time, delivery address, customer's name, phone number)",Redundant or derived,Redundant or derived,,,Redundant or derived,,,,,,,Notifications,Implementation construct,Implementation construct,,,Implementation construct,SubscriptionDeliveryService,Irrelevant for domain,Irrelevant for domain,,,Irrelevant for domain,,,,,,,,,,,,,Website,Implementation construct,Implementation construct,,,Implementation construct
,,,,,,,,,,,,Ticket Master,Role,Role,,,Role,,,,,,,NotificationSystem,Implementation construct,Implementation construct,,,Implementation construct,,,,,,,,,,,,,,,,,,,Website: This class is not relevant as it is more of an implementation construct than a classIt can be removed.,Implementation construct,Implementation construct,,,Implementation construct
,,,,,,,,,,,,TicketMaster,Role,Role,,,Role,,,,,,,Onboarding,Irrelevant for domain,Irrelevant for domain,,,Irrelevant for domain,,,,,,,,,,,,,,,,,,,,,,,,
,,,,,,,,,,,,TicketPrinter,Irrelevant for domain,Irrelevant for domain,,,Irrelevant for domain,,,,,,,Opening Hours,Attribute,Attribute,,,Attribute,,,,,,,,,,,,,,,,,,,,,,,,
,,,,,,,,,,,,Tip,Attribute,Attribute,,,Attribute,,,,,,,Optimal Route,Irrelevant for domain,,x,RESOLVED,Redundant or derived,,,,,,,,,,,,,,,,,,,,,,,,
,,,,,,,,,,,,Tip: Tip is stated as a separate class because it can be included in various methods as a property while calculating total price.,Attribute,Attribute,,,Attribute,,,,,,,Personal Information,Vague (too generic),Attribute,x,RESOLVED,Attribute,,,,,,,,,,,,,,,,,,,,,,,,
,,,,,,,,,,,,Tips,Attribute,Attribute,,,Attribute,,,,,,,Profile,Implementation construct,Implementation construct,,,Implementation construct,,,,,,,,,,,,,,,,,,,,,,,,
,,,,,,,,,,,,Tips Received,Irrelevant for domain,Attribute,x,RESOLVED,Attribute,,,,,,,Public Information,Vague (too generic),Vague (too generic),,,Vague (too generic),,,,,,,,,,,,,,,,,,,,,,,,
,,,,,,,,,,,,VAT,Attribute,Attribute,,,Attribute,,,,,,,Public Recycling Bin,Redundant or derived,Redundant or derived,,,Redundant or derived,,,,,,,,,,,,,,,,,,,,,,,,
,,,,,,,,,,,,VAT for an Order,Attribute,Attribute,,,Attribute,,,,,,,Public Recycling Bins,Redundant or derived,Redundant or derived,,,Redundant or derived,,,,,,,,,,,,,,,,,,,,,,,,
,,,,,,,,,,,,#NAME?,Irrelevant for domain,Irrelevant for domain,,,Irrelevant for domain,,,,,,,Record,Irrelevant for domain,Vague (too generic),x,RESOLVED,Vague (too generic),,,,,,,,,,,,,,,,,,,,,,,,
,,,,,,,,,,,,DeliveryEmployeeAccount,Redundant or derived,Irrelevant for domain,,CHECK,Redundant or derived,,,,,,,Recyclable Material,Redundant or derived,Attribute,x,RESOLVED,Redundant or derived,,,,,,,,,,,,,,,,,,,,,,,,
,,,,,,,,,,,,,,,,,,,,,,,,Recyclable Waste,Redundant or derived,Attribute,x,RESOLVED,Redundant or derived,,,,,,,,,,,,,,,,,,,,,,,,
,,,,,,,,,,,,,,,,,,,,,,,,Recycling Bin,Redundant or derived,Redundant or derived,,,Redundant or derived,,,,,,,,,,,,,,,,,,,,,,,,
Tot table for calculating agreement,,,,,,,,,,,,,,,,,,,,,,,,Recycling Center,Redundant or derived,Redundant or derived,,,Redundant or derived,,,,,,,,,,,,,,,,,,,,,,,,
TOTALS (micro-avg),Redundant or derived,Irrelevant for domain,Vague (too generic),Attribute,Role,Implementation construct,,,,,,,,,,,,,,,,,,Recycling Center Information,Attribute,Redundant or derived,x,RESOLVED,Attribute,,,,,,,,,,,,,,,,,,,,,,,,
Redundant or derived,93,7,0,25,0,6,,,,,,,,,,,,,,,,,,Recycling Centers,Redundant or derived,Redundant or derived,,,Redundant or derived,,,,,,,,,,,,,,,,,,,,,,,,
Irrelevant for domain,15,56,8,13,4,29,,,,,,,,,,,,,,,,,,Recycling Facility Information,Attribute,Attribute,,,Attribute,,,,,,,,,,,,,,,,,,,,,,,,
Vague (too generic),4,1,9,13,0,3,,,,,,,,,,,,,,,,,,Recycling Facility Representative,Role,Role,,,Role,,,,,,,,,,,,,,,,,,,,,,,,
Attribute,6,2,0,103,0,0,,,,,,,,,,,,,,,,,,RecyclingCenterAdmin,Irrelevant for domain,Role,x,RESOLVED,Irrelevant for domain,,,,,,,,,,,,,,,,,,,,,,,,
Role,0,1,1,0,39,0,,,,,,,,,,,,,,,,,,RecyclingCenterOnboarding,Irrelevant for domain,Irrelevant for domain,,,Irrelevant for domain,,,,,,,,,,,,,,,,,,,,,,,,
Implementation construct,10,11,3,13,0,127,,,,,,,,,,,,,,,,,,RecyclingFacilityAdmin,Irrelevant for domain,Role,x,RESOLVED,Irrelevant for domain,,,,,,,,,,,,,,,,,,,,,,,,
,,,,,,,,,,,,,,,,,,,,,,,,Reward,Irrelevant for domain,,x,RESOLVED,,,,,,,,,,,,,,,,,,,,,,,,,
,,,,,,,,,,,,,,,,,,,,,,,,Rewards,Irrelevant for domain,,x,RESOLVED,,,,,,,,,,,,,,,,,,,,,,,,,
,,,,,,,,,,,,,,,,,,,,,,,,Rewards System,Implementation construct,Implementation construct,,,Implementation construct,,,,,,,,,,,,,,,,,,,,,,,,
,,,,,,,,,,,,,,,,,,,,,,,,RewardSystem,Implementation construct,Implementation construct,,,Implementation construct,,,,,,,,,,,,,,,,,,,,,,,,
,,,,,,,,,,,,,,,,,,,,,,,,Route,Irrelevant for domain,,x,RESOLVED,Redundant or derived,,,,,,,,,,,,,,,,,,,,,,,,
,,,,,,,,,,,,,,,,,,,,,,,,Route Planning,Irrelevant for domain,Implementation construct,x,RESOLVED,Implementation construct,,,,,,,,,,,,,,,,,,,,,,,,
,,,,,,,,,,,,,,,,,,,,,,,,Route Planning System,Implementation construct,Implementation construct,,,Implementation construct,,,,,,,,,,,,,,,,,,,,,,,,
,,,,,,,,,,,,,,,,,,,,,,,,RoutePlanner,Implementation construct,Implementation construct,,,Implementation construct,,,,,,,,,,,,,,,,,,,,,,,,
School,Redundant or derived,Irrelevant for domain,Vague (too generic),Attribute,Role,Implementation construct,,,,,,,,,,,,,,,,,,RoutePlanning,Irrelevant for domain,Implementation construct,x,RESOLVED,Implementation construct,,,,,,,,,,,,,,,,,,,,,,,,
Redundant or derived,19,3,0,0,0,6,,,,,,,,,,,,,,,,,,Security,Irrelevant for domain,Irrelevant for domain,,,Irrelevant for domain,,,,,,,,,,,,,,,,,,,,,,,,
Irrelevant for domain,1,4,0,1,0,3,,,,,,,,,,,,,,,,,,Server,Implementation construct,Implementation construct,,,Implementation construct,,,,,,,,,,,,,,,,,,,,,,,,
Vague (too generic),0,0,1,2,0,1,,,,,,,,,,,,,,,,,,Special Waste Drop Off Site,Redundant or derived,Redundant or derived,,,Redundant or derived,,,,,,,,,,,,,,,,,,,,,,,,
Attribute,0,0,0,6,0,0,,,,,,,,,,,,,,,,,,Special Waste Drop Off Sites,Redundant or derived,Redundant or derived,,,Redundant or derived,,,,,,,,,,,,,,,,,,,,,,,,
Role,0,0,0,0,1,0,,,,,,,,,,,,,,,,,,SpecialWasteDropOffSite,Redundant or derived,Redundant or derived,,,Redundant or derived,,,,,,,,,,,,,,,,,,,,,,,,
Implementation construct,4,0,0,6,0,13,,,,,,,,,,,,,,,,,,Stats,Redundant or derived,Redundant or derived,,,Redundant or derived,,,,,,,,,,,,,,,,,,,,,,,,
,,,,,,,,,,,,,,,,,,,,,,,,Superuser,Role,Role,,,Role,,,,,,,,,,,,,,,,,,,,,,,,
CamperPlus,Redundant or derived,Irrelevant for domain,Vague (too generic),Attribute,Role,Implementation construct,,,,,,,,,,,,,,,,,,System User,Role,Vague (too generic),x,RESOLVED,Irrelevant for domain,,,,,,,,,,,,,,,,,,,,,,,,
Redundant or derived,16,1,0,5,0,0,,,,,,,,,,,,,,,,,,Time,Vague (too generic),Vague (too generic),,,Vague (too generic),,,,,,,,,,,,,,,,,,,,,,,,
Irrelevant for domain,0,4,1,1,0,0,,,,,,,,,,,,,,,,,,Transaction History,Redundant or derived,Redundant or derived,,,Redundant or derived,,,,,,,,,,,,,,,,,,,,,,,,
Vague (too generic),0,0,2,2,0,0,,,,,,,,,,,,,,,,,,TransactionHistory,Redundant or derived,Redundant or derived,,,Redundant or derived,,,,,,,,,,,,,,,,,,,,,,,,
Attribute,1,0,0,6,0,0,,,,,,,,,,,,,,,,,,UI/UX,Irrelevant for domain,Implementation construct,x,RESOLVED,Implementation construct,,,,,,,,,,,,,,,,,,,,,,,,
Role,0,0,0,0,1,0,,,,,,,,,,,,,,,,,,UI/UX Documentation,Irrelevant for domain,Irrelevant for domain,,,Irrelevant for domain,,,,,,,,,,,,,,,,,,,,,,,,
Implementation construct,0,1,2,2,0,8,,,,,,,,,,,,,,,,,,UI/UX Lessons,Irrelevant for domain,Irrelevant for domain,,,Irrelevant for domain,,,,,,,,,,,,,,,,,,,,,,,,
,,,,,,,,,,,,,,,,,,,,,,,,UIUX,Irrelevant for domain,Implementation construct,x,RESOLVED,Implementation construct,,,,,,,,,,,,,,,,,,,,,,,,
Fish&Chips,Redundant or derived,Irrelevant for domain,Vague (too generic),Attribute,Role,Implementation construct,,,,,,,,,,,,,,,,,,Usage Stat,Implementation construct,Redundant or derived,x,RESOLVED,Redundant or derived,,,,,,,,,,,,,,,,,,,,,,,,
Redundant or derived,11,1,0,6,0,0,,,,,,,,,,,,,,,,,,Usage Stats,Implementation construct,Redundant or derived,x,RESOLVED,Redundant or derived,,,,,,,,,,,,,,,,,,,,,,,,
Irrelevant for domain,2,4,0,6,0,2,,,,,,,,,,,,,,,,,,Usage Stats and Locations,Implementation construct,Redundant or derived,x,RESOLVED,Redundant or derived,,,,,,,,,,,,,,,,,,,,,,,,
Vague (too generic),0,0,0,1,0,0,,,,,,,,,,,,,,,,,,User Activities,Vague (too generic),,x,RESOLVED,,,,,,,,,,,,,,,,,,,,,,,,,
Attribute,0,0,0,32,0,0,,,,,,,,,,,,,,,,,,User Activity,Vague (too generic),,x,RESOLVED,,,,,,,,,,,,,,,,,,,,,,,,,
Role,0,0,0,0,8,0,,,,,,,,,,,,,,,,,,User Documentation,Implementation construct,Implementation construct,,,Implementation construct,,,,,,,,,,,,,,,,,,,,,,,,
Implementation construct,0,3,0,0,0,6,,,,,,,,,,,,,,,,,,User Error Log,Implementation construct,Implementation construct,,,Implementation construct,,,,,,,,,,,,,,,,,,,,,,,,
,,,,,,,,,,,,,,,,,,,,,,,,User Error Logs,Implementation construct,Implementation construct,,,Implementation construct,,,,,,,,,,,,,,,,,,,,,,,,
Grocery,Redundant or derived,Irrelevant for domain,Vague (too generic),Attribute,Role,Implementation construct,,,,,,,,,,,,,,,,,,User Feedback,,,,,,,,,,,,,,,,,,,,,,,,,,,,,
Redundant or derived,5,2,0,2,0,0,,,,,,,,,,,,,,,,,,User Profile,Implementation construct,Implementation construct,,,Implementation construct,,,,,,,,,,,,,,,,,,,,,,,,
Irrelevant for domain,0,6,1,2,0,7,,,,,,,,,,,,,,,,,,User Schedule,Attribute,Redundant or derived,x,RESOLVED,Redundant or derived,,,,,,,,,,,,,,,,,,,,,,,,
Vague (too generic),0,1,0,0,0,1,,,,,,,,,,,,,,,,,,User Stat,Redundant or derived,Redundant or derived,,,Redundant or derived,,,,,,,,,,,,,,,,,,,,,,,,
Attribute,0,0,0,7,0,0,,,,,,,,,,,,,,,,,,User Stats,Redundant or derived,Redundant or derived,,,Redundant or derived,,,,,,,,,,,,,,,,,,,,,,,,
Role,0,0,0,0,3,0,,,,,,,,,,,,,,,,,,UserProfile,Implementation construct,Implementation construct,,,Implementation construct,,,,,,,,,,,,,,,,,,,,,,,,
Implementation construct,0,0,0,1,0,11,,,,,,,,,,,,,,,,,,Web App,Implementation construct,Implementation construct,,,Implementation construct,,,,,,,,,,,,,,,,,,,,,,,,
,,,,,,,,,,,,,,,,,,,,,,,,Website,Implementation construct,Implementation construct,,,Implementation construct,,,,,,,,,,,,,,,,,,,,,,,,
Recycling,Redundant or derived,Irrelevant for domain,Vague (too generic),Attribute,Role,Implementation construct,,,,,,,,,,,,,,,,,,Week's Schedule,,Redundant or derived,x,RESOLVED,Redundant or derived,,,,,,,,,,,,,,,,,,,,,,,,
Redundant or derived,19,0,0,5,0,0,,,,,,,,,,,,,,,,,,Zip Code,Attribute,Attribute,,,Attribute,,,,,,,,,,,,,,,,,,,,,,,,
Irrelevant for domain,4,11,2,0,3,10,,,,,,,,,,,,,,,,,,ZipCode,Attribute,Attribute,,,Attribute,,,,,,,,,,,,,,,,,,,,,,,,
Vague (too generic),2,0,4,2,0,0,,,,,,,,,,,,,,,,,,Recycling Facility,Redundant or derived,Redundant or derived,,,Redundant or derived,,,,,,,,,,,,,,,,,,,,,,,,
Attribute,2,0,0,15,0,0,,,,,,,,,,,,,,,,,,Recycling Center Representative,Redundant or derived,Redundant or derived,,,Redundant or derived,,,,,,,,,,,,,,,,,,,,,,,,
Role,0,0,1,0,11,0,,,,,,,,,,,,,,,,,,RecyclingCenter,Redundant or derived,Redundant or derived,,,Redundant or derived,,,,,,,,,,,,,,,,,,,,,,,,
Implementation construct,3,1,0,2,0,32,,,,,,,,,,,,,,,,,,,,,,,,,,,,,,,,,,,,,,,,,,,,,,,
,,,,,,,,,,,,,,,,,,,,,,,,,,,,,,,,,,,,,,,,,,,,,,,,,,,,,
Supermarket,Redundant or derived,Irrelevant for domain,Vague (too generic),Attribute,Role,Implementation construct,,,,,,,,,,,,,,,,,,,,,,,,,,,,,,,,,,,,,,,,,,,,,,,
Redundant or derived,4,0,0,2,0,0,,,,,,,,,,,,,,,,,,,,,,,,,,,,,,,,,,,,,,,,,,,,,,,
Irrelevant for domain,6,13,4,2,0,1,,,,,,,,,,,,,,,,,,,,,,,,,,,,,,,,,,,,,,,,,,,,,,,
Vague (too generic),0,0,1,0,0,0,,,,,,,,,,,,,,,,,,,,,,,,,,,,,,,,,,,,,,,,,,,,,,,
Attribute,0,0,0,16,0,0,,,,,,,,,,,,,,,,,,,,,,,,,,,,,,,,,,,,,,,,,,,,,,,
Role,0,0,0,0,2,0,,,,,,,,,,,,,,,,,,,,,,,,,,,,,,,,,,,,,,,,,,,,,,,
Implementation construct,0,5,0,0,0,9,,,,,,,,,,,,,,,,,,,,,,,,,,,,,,,,,,,,,,,,,,,,,,,
,,,,,,,,,,,,,,,,,,,,,,,,,,,,,,,,,,,,,,,,,,,,,,,,,,,,,
Sports,Redundant or derived,Irrelevant for domain,Vague (too generic),Attribute,Role,Implementation construct,,,,,,,,,,,,,,,,,,,,,,,,,,,,,,,,,,,,,,,,,,,,,,,
Redundant or derived,9,0,0,1,0,0,,,,,,,,,,,,,,,,,,,,,,,,,,,,,,,,,,,,,,,,,,,,,,,
Irrelevant for domain,2,4,0,0,0,3,,,,,,,,,,,,,,,,,,,,,,,,,,,,,,,,,,,,,,,,,,,,,,,
Vague (too generic),1,0,0,2,0,1,,,,,,,,,,,,,,,,,,,,,,,,,,,,,,,,,,,,,,,,,,,,,,,
Attribute,1,0,0,6,0,0,,,,,,,,,,,,,,,,,,,,,,,,,,,,,,,,,,,,,,,,,,,,,,,
Role,0,1,0,0,1,0,,,,,,,,,,,,,,,,,,,,,,,,,,,,,,,,,,,,,,,,,,,,,,,
Implementation construct,1,0,0,0,0,11,,,,,,,,,,,,,,,,,,,,,,,,,,,,,,,,,,,,,,,,,,,,,,,
,,,,,,,,,,,,,,,,,,,,,,,,,,,,,,,,,,,,,,,,,,,,,,,,,,,,,
PlanningPoker,Redundant or derived,Irrelevant for domain,Vague (too generic),Attribute,Role,Implementation construct,,,,,,,,,,,,,,,,,,,,,,,,,,,,,,,,,,,,,,,,,,,,,,,
Redundant or derived,3,0,0,0,0,0,,,,,,,,,,,,,,,,,,,,,,,,,,,,,,,,,,,,,,,,,,,,,,,
Irrelevant for domain,0,10,0,0,0,1,,,,,,,,,,,,,,,,,,,,,,,,,,,,,,,,,,,,,,,,,,,,,,,
Vague (too generic),1,0,1,0,0,0,,,,,,,,,,,,,,,,,,,,,,,,,,,,,,,,,,,,,,,,,,,,,,,
Attribute,0,2,0,3,0,0,,,,,,,,,,,,,,,,,,,,,,,,,,,,,,,,,,,,,,,,,,,,,,,
Role,0,0,0,0,4,0,,,,,,,,,,,,,,,,,,,,,,,,,,,,,,,,,,,,,,,,,,,,,,,
Implementation construct,1,1,1,0,0,10,,,,,,,,,,,,,,,,,,,,,,,,,,,,,,,,,,,,,,,,,,,,,,,
,,,,,,,,,,,,,,,,,,,,,,,,,,,,,,,,,,,,,,,,,,,,,,,,,,,,,
Ticket,Redundant or derived,Irrelevant for domain,Vague (too generic),Attribute,Role,Implementation construct,,,,,,,,,,,,,,,,,,,,,,,,,,,,,,,,,,,,,,,,,,,,,,,
Redundant or derived,7,0,0,4,0,0,,,,,,,,,,,,,,,,,,,,,,,,,,,,,,,,,,,,,,,,,,,,,,,
Irrelevant for domain,0,0,0,1,1,2,,,,,,,,,,,,,,,,,,,,,,,,,,,,,,,,,,,,,,,,,,,,,,,
Vague (too generic),0,0,0,4,0,0,,,,,,,,,,,,,,,,,,,,,,,,,,,,,,,,,,,,,,,,,,,,,,,
Attribute,2,0,0,12,0,0,,,,,,,,,,,,,,,,,,,,,,,,,,,,,,,,,,,,,,,,,,,,,,,
Role,0,0,0,0,8,0,,,,,,,,,,,,,,,,,,,,,,,,,,,,,,,,,,,,,,,,,,,,,,,
Implementation construct,1,0,0,2,0,27,,,,,,,,,,,,,,,,,,,,,,,,,,,,,,,,,,,,,,,,,,,,,,,
